SNR,NoiseType,Noisy_PSNR,Noisy_SSIM,Wiener_PSNR,Wiener_SSIM,Wiener_Balance,Wiener_PSF,TV_PSNR,TV_SSIM,TV_Weight,RL_PSNR,RL_SSIM,RL_Iterations,RL_PSF,BM3D_PSNR,BM3D_SSIM,BM3D_Sigma,BM3D_Estimated_Sigma,BM3D_Stage,SD,FWHM,RL_PSF SD,W_PSF SD
2,Gaussian,17.12640146,0.217005988,25.4424268,0.586768688,5,Gaussian 11,24.12832262,0.56013947,0.2,25.3213504,0.598293215,3,Incoherent 480nm,26.45115829,0.622756691,2,0.116304974,HARD_THRESHOLDING,0.17437,0.41064135,3.5,1.833333333
2,Poisson,16.0927447,0.400235804,28.75000004,0.904465763,10,Gaussian 3,26.38480122,0.893289873,0.4,30.40476401,0.924714241,2,Gaussian 17,31.57130246,0.944673831,1,0.116377728,HARD_THRESHOLDING,,0,2.833,0.5
2,SaltPepper,15.39784527,0.343725888,27.55237218,0.648452762,10,Gaussian 9,24.83018594,0.597580465,0.4,27.83115385,0.678759146,3,Gaussian 21,28.47873926,0.811371193,5,0.019461312,HARD_THRESHOLDING,,0,3.5,1.5
2,Mix,15.25429536,0.185020303,25.79984076,0.592726164,10,Incoherent 240nm,23.31517447,0.541029017,0.4,25.98871585,0.612768106,3,Gaussian 21,26.4828941,0.651527199,5,0.107097846,HARD_THRESHOLDING,,0,3.5,2.16
5,Gaussian,20.90630214,0.326922962,29.64311942,0.674249685,5,Incoherent 120nm,26.83123429,0.63692775,0.2,29.6464803,0.684911609,2,Incoherent 360nm,28.67245355,0.744311409,5,0.076740557,HARD_THRESHOLDING,0.11028,0.2597094,2.833,0.5
5,Poisson,19.57925971,0.544927671,32.52434512,0.948670625,5,Gaussian 3,30.24776078,0.9355688,0.2,33.44473737,0.955109129,2,Incoherent 360nm,35.623962,0.974860975,0.6,0.067982316,HARD_THRESHOLDING,,0,2.833,0.5
5,SaltPepper,19.22411604,0.609232868,32.3692086,0.788155679,5,Gaussian 7,26.42437859,0.730463517,0.4,32.46430721,0.809306391,2,Gaussian 17,35.29645709,0.948725481,2,2.61E-07,HARD_THRESHOLDING,,0,2.833,1.16
5,Mix,19.27641867,0.333537982,30.64472819,0.707212998,5,Gaussian 7,26.90150795,0.639300957,0.2,30.86602746,0.72070312,2,Incoherent 360nm,29.39735084,0.848120339,5,0.063923858,HARD_THRESHOLDING,,0,2.166,1.16
10,Gaussian,23.77412851,0.419795517,32.59432253,0.732517417,5,Gaussian 7,30.18753159,0.71333924,0.1,32.62425557,0.744075732,2,Incoherent 360nm,29.80882524,0.863865564,5,0.056174844,HARD_THRESHOLDING,0.07798,0.1836429,2.166,1.16
10,Poisson,22.45708227,0.667545351,34.99220594,0.965879057,2,Gaussian 3,31.16423198,0.94945125,0.1,35.1389142,0.969743587,2,Gaussian 13,39.31864324,0.982382829,0.6,0.046054117,HARD_THRESHOLDING,,0,2.166,0.5
10,SaltPepper,22.19006861,0.773879132,34.09836146,0.871159439,5,Gaussian 3,29.70551263,0.819326436,0.2,35.2873074,0.884774721,2,Incoherent 360nm,39.85031054,0.971767292,1,6.50E-08,HARD_THRESHOLDING,,0,2.166,0.5
10,Mix,22.30475357,0.467507495,33.81582592,0.777363441,5,Gaussian 7,27.92710165,0.726001239,0.1,33.91591358,0.789812916,2,Incoherent 360nm,30.03760774,0.924760564,5,0.045248531,HARD_THRESHOLDING,,0,2.166,1.16
20,Gaussian,26.62588189,0.519828366,35.84697407,0.783391312,2,Gaussian 7,31.99406831,0.766006215,0.1,35.11525725,0.794037328,2,Incoherent 360nm,30.23261173,0.928025333,5,0.041230057,HARD_THRESHOLDING,0.05514,0.1298547,2.166,1.16
20,Poisson,25.42861209,0.7784531,37.66161561,0.980570235,2,Gaussian 3,32.66299499,0.962586192,0.1,36.98935707,0.980180408,2,Gaussian 13,40.9848477,0.988799634,0.4,0.030818248,HARD_THRESHOLDING,,0,2.166,0.5
20,SaltPepper,25.20209417,0.877530677,37.39122705,0.923047773,2,Gaussian 3,30.79654103,0.881794228,0.2,36.98515697,0.930300476,2,Incoherent 360nm,40.80871055,0.977811347,1,4.19E-08,HARD_THRESHOLDING,,0,2.166,0.5
20,Mix,25.30401271,0.603872627,36.75255223,0.837370407,2,Gaussian 7,29.50871243,0.809564504,0.05,36.07698965,0.845278414,2,Incoherent 360nm,36.40468503,0.967086266,2,0.032692156,HARD_THRESHOLDING,,0,2.166,1.16
50,Gaussian,30.35192648,0.658065858,39.26237782,0.849668797,2,Gaussian 3,35.87927045,0.842562626,0.05,37.64172815,0.851354239,2,Gaussian 13,36.51755267,0.968454933,2,0.02750636,HARD_THRESHOLDING,0.03487,0.08211885,2.166,0.5
50,Poisson,29.34523681,0.885179048,40.68084176,0.989694244,2,Gaussian 3,35.16150204,0.977612745,0.05,38.52881687,0.986477687,2,Gaussian 13,45.30074775,0.992000085,0.4,0.01804298,HARD_THRESHOLDING,,0,2.166,0.5
50,SaltPepper,29.17277041,0.948988363,40.5569317,0.966589329,2,Gaussian 3,29.49242314,0.948500669,0.01,38.68166241,0.965749275,2,Gaussian 13,45.41591066,0.98665441,0.6,3.41E-08,HARD_THRESHOLDING,,0,2.166,0.5
50,Mix,29.17797818,0.762381601,39.9120145,0.905659559,2,Gaussian 3,32.98711984,0.891373702,0.05,38.16774335,0.905312213,2,Gaussian 13,41.29915749,0.98361211,1,0.021435117,HARD_THRESHOLDING,,0,2.16,0.5
100,Gaussian,33.14628132,0.757911543,41.4567135,0.894589024,2,Gaussian 3,37.46008106,0.88800887,0.05,38.62451783,0.893520904,2,Incoherent 240nm,41.50729067,0.982942177,1,0.020193985,HARD_THRESHOLDING,0.02466,0.0580743,1.16,0.5
100,Poisson,32.34743851,0.935011519,43.43076067,0.994166055,1,Gaussian 3,37.02029917,0.983615052,0.05,38.97836066,0.990239457,2,Incoherent 240nm,47.37968922,0.992892267,0.4,0.012003078,HARD_THRESHOLDING,,0,1.16,0.5
100,SaltPepper,32.08117303,0.973381364,43.20895339,0.980843626,1,Gaussian 3,32.37086362,0.97243559,0.01,39.35576014,0.977388471,2,Gaussian 13,45.82062269,0.987119805,0.6,3.20E-08,HARD_THRESHOLDING,,0,2.16,0.5
100,Mix,32.14649787,0.853793926,41.93022029,0.942896835,2,Gaussian 3,35.10418024,0.931721917,0.05,38.74132849,0.940450489,2,Incoherent 240nm,45.50359241,0.989198533,0.6,0.015595678,HARD_THRESHOLDING,,0,1.16,0.5
